Date,Close,Open,High,Low
12/1/2017,16511.9,"16,477.20","16,615.90","16,338.40"
12/4/2017,16997.5,"16,720.00","17,309.70","16,615.90"
12/5/2017,16303.7,"16,997.50","16,997.50","16,303.70"
12/6/2017,16234.4,"16,234.40","16,373.10","15,748.70"
12/7/2017,15818.1,"16,303.70","16,338.40","15,679.30"
12/8/2017,15783.4,"15,748.70","16,026.20","15,610.00"
12/11/2017,14985.6,"15,471.20","15,610.00","14,985.60"
12/12/2017,14846.8,"15,124.30","15,193.70","14,014.30"
12/13/2017,14812.1,"14,985.60","15,124.30","14,534.60"
12/14/2017,15228.4,"14,846.80","15,228.40","14,846.80"
12/15/2017,15263.1,"15,228.40","15,332.50","15,089.60"
12/18/2017,15714,"15,610.00","15,887.50","15,401.80"
12/19/2017,16373.1,"15,922.20","16,442.50","15,783.40"
12/20/2017,16442.5,"16,477.20","16,720.00","16,234.40"
12/21/2017,16338.4,"16,442.50","16,546.60","16,303.70"
12/22/2017,16407.8,"16,199.70","16,477.20","16,130.30"
12/25/2017,16720,"16,407.80","16,858.80","16,373.10"
12/26/2017,16650.6,"16,858.80","16,858.80","16,511.90"
12/27/2017,16928.1,"16,858.80","17,205.70","16,789.40"
12/28/2017,18107.6,"17,136.30","18,107.60","16,928.10"
12/29/2017,18315.7,"18,246.30","18,662.60","18,107.60"
1/2/2018,18523.8,"18,315.70","18,593.20","18,315.70"
1/3/2018,18593.2,"18,523.80","18,905.40","18,419.80"
1/4/2018,18732,"18,593.20","18,801.30","18,489.10"
1/5/2018,18211.6,"18,732.00","18,801.30","18,107.60"
1/8/2018,18732,"18,038.20","18,801.30","17,830.10"
1/9/2018,19009.5,"19,356.40","19,356.40","18,697.30"
1/10/2018,19078.9,"19,113.50","19,252.30","18,801.30"
1/11/2018,18870.7,"18,940.10","19,078.90","18,593.20"
1/12/2018,19148.2,"19,044.20","19,564.50","18,974.80"
1/15/2018,19599.2,"19,148.20","19,703.30","18,974.80"
1/16/2018,19599.2,"19,495.10","19,703.30","19,356.40"
1/17/2018,18523.8,"19,564.50","19,703.30","18,523.80"
1/18/2018,19078.9,"18,107.60","19,078.90","17,830.10"
1/19/2018,19217.6,"19,182.90","19,425.70","19,078.90"
1/22/2018,19842,"19,495.10","20,223.60","19,425.70"
1/25/2018,20466.4,"20,119.50","20,813.30","19,911.40"
1/26/2018,20293,"20,813.30","20,813.30","20,015.40"
1/29/2018,20674.5,"20,397.00","21,160.20","20,258.30"
1/30/2018,21992.7,"20,397.00","21,992.70","20,327.60"
1/31/2018,20813.3,"22,131.50","22,409.00","20,813.30"
2/1/2018,19633.9,"20,813.30","21,021.40","19,564.50"
2/2/2018,20084.8,"19,772.60","20,084.80","19,148.20"
2/5/2018,18697.3,"19,495.10","19,737.90","18,697.30"
2/6/2018,18315.7,"17,413.80","18,697.30","17,413.80"
2/7/2018,19564.5,"19,078.90","19,564.50","19,078.90"
2/8/2018,19425.7,"19,425.70","20,258.30","19,217.60"
2/9/2018,19772.6,"18,315.70","19,772.60","18,315.70"
2/12/2018,20466.4,"20,362.30","20,466.40","19,842.00"
2/13/2018,20535.8,"20,605.20","20,917.40","20,466.40"
2/21/2018,21125.5,"20,813.30","21,264.20","20,709.20"
2/22/2018,20466.4,"20,813.30","21,056.10","20,258.30"
2/23/2018,20778.6,"20,674.50","20,813.30","20,119.50"
2/26/2018,21854,"21,090.80","22,166.20","21,090.80"
2/27/2018,23380.6,"22,931.00","23,380.60","22,436.40"
2/28/2018,24459.7,"23,020.90","24,909.30","22,751.10"
3/1/2018,24010.1,"23,920.10","24,639.50","23,380.60"
3/2/2018,23830.2,"23,380.60","24,055.00","23,380.60"
3/5/2018,22166.6,"24,100.00","24,189.90","22,166.60"
3/6/2018,23695.3,"22,751.10","23,695.30","22,211.60"
3/7/2018,24729.5,"24,189.90","25,314.00","24,100.00"
3/8/2018,24684.5,"24,729.50","25,089.20","24,369.80"
3/9/2018,24729.5,"25,179.10","25,448.90","24,639.50"
3/12/2018,24279.8,"24,999.20","24,999.20","24,189.90"
3/13/2018,24639.5,"24,549.60","24,684.50","24,189.90"
3/14/2018,25493.8,"25,089.20","25,718.60","25,089.20"
3/15/2018,26258.2,"25,493.80","26,258.20","25,358.90"
3/16/2018,26213.2,"26,258.20","26,528.00","25,988.40"
3/19/2018,26528,"26,707.80","26,887.70","26,213.20"
3/20/2018,26123.3,"26,078.30","26,707.80","26,078.30"
3/21/2018,25808.6,"26,213.20","26,438.00","25,718.60"
3/22/2018,24819.4,"25,898.50","25,898.50","24,100.00"
3/23/2018,24189.9,"23,650.40","24,459.70","23,650.40"
3/26/2018,25628.7,"24,189.90","25,628.70","24,100.00"
3/27/2018,25179.1,"25,673.70","25,673.70","24,954.30"
3/28/2018,25763.6,"24,954.30","25,763.60","24,819.40"
3/29/2018,26078.3,"25,628.70","26,078.30","25,403.90"
3/30/2018,26123.3,"26,078.30","26,528.00","25,853.50"
4/2/2018,26572.9,"26,168.30","26,797.70","26,168.30"
4/3/2018,28146.6,"26,572.90","28,371.40","26,572.90"
4/4/2018,27786.9,"28,596.30","28,776.10","27,472.20"
4/5/2018,28056.7,"27,786.90","28,056.70","27,337.30"
4/6/2018,29270.7,"28,056.70","29,450.50","27,876.90"
4/9/2018,30574.6,"29,675.40","30,574.60","29,225.70"
4/10/2018,30259.9,"30,934.30","30,934.30","30,169.90"
4/11/2018,29495.5,"30,304.80","30,664.50","29,135.80"
4/12/2018,30125,"29,225.70","30,125.00","28,416.40"
4/13/2018,29855.2,"30,529.60","30,754.50","29,405.60"
4/16/2018,29675.4,"29,495.50","30,125.00","28,776.10"
4/17/2018,29765.3,"29,675.40","30,125.00","29,315.70"
4/18/2018,29045.9,"29,765.30","30,259.90","29,045.90"
4/19/2018,28416.4,"28,866.00","29,045.90","27,427.20"
4/20/2018,28416.4,"28,056.70","28,686.20","27,517.20"
4/23/2018,26438,"28,326.50","28,326.50","26,438.00"
4/24/2018,24594.6,"25,403.90","26,033.40","24,594.60"
4/26/2018,22886,"24,279.80","24,369.80","22,886.00"
4/27/2018,24459.7,"22,031.70","24,459.70","22,031.70"
5/2/2018,23560.4,"24,729.50","25,089.20","23,200.70"
5/3/2018,24369.8,"23,380.60","24,414.70","22,751.10"
5/4/2018,24100,"24,729.50","24,909.30","24,010.10"
5/7/2018,25583.8,"24,369.80","25,583.80","23,470.50"
5/8/2018,25448.9,"25,583.80","25,808.60","24,999.20"
5/9/2018,23677.7,"25,635.30","25,635.30","23,677.70"
5/10/2018,22046.4,"22,046.40","23,304.80","22,046.40"
5/11/2018,23584.5,"20,508.30","23,584.50","20,508.30"
5/14/2018,21953.2,"22,372.60","23,211.60","21,953.20"
5/15/2018,20601.5,"21,533.70","21,766.70","20,601.50"
5/16/2018,21021,"20,508.30","21,254.00","19,576.10"
5/17/2018,21347.2,"21,440.40","21,626.90","21,254.00"
5/18/2018,20741.3,"20,974.30","21,254.00","20,182.00"
5/21/2018,20042.2,"20,974.30","20,974.30","20,042.20"
5/22/2018,18643.9,"19,576.10","19,948.90","18,643.90"
5/23/2018,19948.9,"18,643.90","19,948.90","17,711.70"
5/24/2018,19110,"19,576.10","19,948.90","18,737.10"
5/25/2018,17898.1,"18,737.10","19,063.40","17,804.90"
5/28/2018,16686.3,"16,872.70","17,804.90","16,686.30"
5/29/2018,17851.5,"16,406.60","17,851.50","16,406.60"
5/30/2018,17292.2,"17,711.70","17,898.10","17,152.40"
5/31/2018,17898.1,"16,686.30","18,037.90","16,686.30"
6/1/2018,17804.9,"17,898.10","18,364.20","17,665.10"
6/4/2018,18317.6,"17,804.90","18,550.60","17,525.20"
6/5/2018,19576.1,"18,457.40","19,576.10","18,317.60"
6/6/2018,20927.7,"20,135.40","20,927.70","20,042.20"
6/7/2018,19902.3,"20,927.70","20,927.70","19,902.30"
6/8/2018,20508.3,"19,622.70","20,508.30","19,576.10"
6/11/2018,20508.3,"20,042.20","21,067.60","19,669.30"
6/12/2018,19576.1,"20,088.80","20,228.60","19,389.60"
6/13/2018,19995.5,"19,576.10","19,995.50","19,576.10"
6/14/2018,18830.3,"19,948.90","20,461.60","18,830.30"
6/15/2018,19110,"18,737.10","19,110.00","18,271.00"
6/18/2018,18084.5,"19,296.40","19,389.60","17,898.10"
6/19/2018,17338.8,"17,618.50","18,084.50","16,826.10"
6/20/2018,17898.1,"17,711.70","18,084.50","17,292.20"
6/21/2018,17711.7,"17,804.90","18,177.80","17,618.50"
6/22/2018,17618.5,"17,571.80","17,758.30","17,199.00"
6/25/2018,17898.1,"18,131.20","18,131.20","17,758.30"
6/26/2018,17525.2,"17,525.20","17,618.50","17,152.40"
6/27/2018,16779.5,"17,618.50","17,618.50","16,779.50"
6/28/2018,15940.5,"16,406.60","16,779.50","15,847.30"
6/29/2018,16173.6,"16,266.80","16,453.20","15,660.80"
7/2/2018,15381.2,"15,660.80","16,126.90","15,054.90"
7/3/2018,14355.8,"15,381.20","15,521.00","14,355.80"
7/4/2018,14961.7,"14,355.80","15,148.10","13,889.70"
7/5/2018,14915.1,"14,775.30","15,008.30","14,449.00"
7/6/2018,15940.5,"14,635.40","15,940.50","14,635.40"
7/9/2018,15707.5,"16,126.90","16,406.60","15,381.20"
7/10/2018,15847.3,"15,381.20","16,266.80","15,381.20"
7/11/2018,14915.1,"15,288.00","15,474.40","14,821.90"
7/12/2018,15288,"14,588.80","15,381.20","14,588.80"
7/13/2018,15521,"15,660.80","15,707.50","15,101.50"
7/16/2018,15474.4,"15,847.30","15,847.30","15,474.40"
7/17/2018,16033.7,"15,194.70","16,033.70","15,054.90"
7/18/2018,17152.4,"16,126.90","17,152.40","16,126.90"
7/19/2018,17152.4,"17,338.80","17,525.20","16,965.90"
7/20/2018,17711.7,"16,779.50","17,711.70","16,453.20"
7/23/2018,16686.3,"17,245.60","17,338.80","16,593.00"
7/24/2018,16593,"16,499.80","16,593.00","15,754.10"
7/25/2018,16033.7,"16,406.60","16,686.30","16,033.70"
7/26/2018,16313.4,"15,940.50","16,313.40","15,660.80"
7/27/2018,16406.6,"16,593.00","16,779.50","16,266.80"
7/30/2018,16779.5,"16,593.00","16,872.70","16,406.60"
7/31/2018,16872.7,"16,826.10","17,105.70","16,313.40"
8/1/2018,16639.6,"16,919.30","17,245.60","16,499.80"
8/2/2018,17105.7,"16,546.40","17,152.40","16,313.40"
8/3/2018,17152.4,"17,245.60","17,618.50","17,152.40"
8/6/2018,16686.3,"16,872.70","17,245.60","16,686.30"
8/7/2018,16872.7,"16,686.30","17,059.10","16,453.20"
8/8/2018,18037.9,"16,965.90","18,037.90","16,919.30"
8/9/2018,18271,"18,271.00","18,923.50","18,177.80"
8/10/2018,19110,"18,084.50","19,110.00","17,991.30"
8/13/2018,19669.3,"18,690.50","19,948.90","18,457.40"
8/14/2018,19529.4,"19,669.30","19,809.10","19,203.20"
8/15/2018,18643.9,"19,249.80","19,715.90","18,643.90"
8/16/2018,18923.5,"18,271.00","19,296.40","17,991.30"
8/17/2018,18643.9,"19,389.60","19,529.40","18,364.20"
8/20/2018,18737.1,"18,550.60","19,203.20","18,550.60"
8/21/2018,19389.6,"18,643.90","19,389.60","18,643.90"
8/22/2018,20135.4,"19,762.50","20,415.00","19,622.70"
8/23/2018,20182,"20,135.40","20,321.80","19,855.70"
8/24/2018,19948.9,"19,948.90","20,135.40","19,809.10"
8/27/2018,20135.4,"19,855.70","20,461.60","19,855.70"
8/28/2018,20787.9,"20,321.80","20,974.30","20,182.00"
8/29/2018,20554.9,"20,834.50","20,834.50","20,368.40"
8/30/2018,20834.5,"20,415.00","20,834.50","20,415.00"
8/31/2018,20694.7,"20,927.70","21,160.80","20,694.70"
9/4/2018,19762.5,"20,694.70","20,694.70","19,576.10"
9/5/2018,19995.5,"19,576.10","19,995.50","19,529.40"
9/6/2018,20228.6,"19,902.30","20,228.60","19,576.10"
9/7/2018,20787.9,"20,135.40","20,787.90","19,995.50"
9/10/2018,20787.9,"20,787.90","20,881.10","20,601.50"
9/11/2018,22093,"20,694.70","22,093.00","20,601.50"
9/12/2018,21953.2,"22,326.00","22,372.60","21,859.90"
9/13/2018,21906.5,"22,046.40","22,279.40","21,207.40"
9/14/2018,21347.2,"21,626.90","22,186.20","20,974.30"
9/17/2018,20601.5,"21,254.00","21,254.00","20,601.50"
9/18/2018,21347.2,"20,461.60","21,626.90","20,461.60"
9/19/2018,21254,"21,533.70","21,766.70","21,067.60"
9/20/2018,21440.4,"21,347.20","21,626.90","21,021.00"
9/21/2018,21720.1,"21,720.10","21,999.80","21,254.00"
9/24/2018,21533.7,"21,813.30","21,906.50","21,347.20"
9/25/2018,21533.7,"21,440.40","21,720.10","21,300.60"
9/26/2018,21300.6,"21,440.40","21,859.90","21,254.00"
9/27/2018,21580.3,"21,347.20","21,813.30","21,300.60"
9/28/2018,21347.2,"21,720.10","21,813.30","21,347.20"
10/1/2018,21021,"21,347.20","21,487.10","20,974.30"
10/2/2018,20881.1,"20,974.30","21,626.90","20,694.70"
10/3/2018,21067.6,"20,881.10","21,254.00","20,881.10"
10/4/2018,21580.3,"21,347.20","21,813.30","21,067.60"
10/5/2018,20974.3,"21,347.20","21,673.50","20,974.30"
10/8/2018,21160.8,"20,881.10","21,393.80","20,881.10"
10/9/2018,21254,"21,254.00","21,393.80","21,067.60"
10/10/2018,21067.6,"21,347.20","21,347.20","20,974.30"
10/11/2018,19622.7,"19,669.30","20,135.40","19,622.70"
10/12/2018,19436.2,"18,643.90","19,809.10","18,457.40"
10/15/2018,18550.6,"19,576.10","19,576.10","18,550.60"
10/16/2018,18550.6,"18,550.60","18,737.10","18,224.40"
10/17/2018,19249.8,"19,016.70","19,249.80","18,923.50"
10/18/2018,18783.7,"19,063.40","19,203.20","18,737.10"
10/19/2018,18504,"18,364.20","18,690.50","18,037.90"
10/22/2018,17245.6,"18,224.40","18,457.40","17,245.60"
10/23/2018,16313.4,"17,152.40","17,152.40","16,080.30"
10/24/2018,16313.4,"16,313.40","16,732.90","16,220.20"
10/25/2018,16220.2,"15,381.20","16,313.40","15,381.20"
10/26/2018,15940.5,"16,593.00","16,593.00","15,940.50"
10/29/2018,15940.5,"15,940.50","16,453.20","15,800.70"
10/30/2018,15940.5,"15,800.70","16,173.60","15,660.80"
10/31/2018,17012.5,"16,313.40","17,012.50","16,220.20"
11/1/2018,16406.6,"17,105.70","17,245.60","16,360.00"
11/2/2018,16965.9,"16,779.50","17,199.00","16,593.00"
11/5/2018,16965.9,"16,965.90","16,965.90","16,593.00"
11/6/2018,16779.5,"17,245.60","17,385.40","16,779.50"
11/7/2018,16779.5,"16,779.50","16,965.90","16,593.00"
11/8/2018,16872.7,"17,245.60","17,292.20","16,872.70"
11/9/2018,16686.3,"16,779.50","16,965.90","16,639.60"
11/12/2018,16965.9,"16,499.80","16,965.90","16,360.00"
11/13/2018,16965.9,"16,406.60","16,965.90","16,406.60"
11/14/2018,16919.3,"16,919.30","17,105.70","16,779.50"
11/15/2018,17199,"16,965.90","17,432.00","16,965.90"
11/16/2018,17618.5,"17,525.20","17,711.70","17,385.40"
11/19/2018,17618.5,"17,618.50","17,711.70","17,432.00"
11/20/2018,17711.7,"17,432.00","17,851.50","17,338.80"
11/21/2018,17618.5,"17,432.00","17,711.70","17,432.00"
11/22/2018,17385.4,"17,618.50","17,898.10","17,245.60"
11/23/2018,17338.8,"17,338.80","17,432.00","17,059.10"
11/26/2018,17478.6,"17,338.80","17,478.60","17,152.40"
11/27/2018,17525.2,"17,618.50","17,804.90","17,338.80"
11/28/2018,17711.7,"17,525.20","17,851.50","17,525.20"
11/29/2018,17618.5,"17,898.10","18,131.20","17,618.50"
11/30/2018,17711.7,"17,804.90","17,898.10","17,525.20"
12/3/2018,18550.6,"18,084.50","18,597.30","17,991.30"
12/4/2018,18457.4,"18,597.30","18,690.50","18,271.00"
12/5/2018,18410.8,"18,131.20","18,457.40","18,131.20"
12/6/2018,18271,"18,364.20","18,550.60","18,131.20"
12/7/2018,18457.4,"18,271.00","18,550.60","18,271.00"
12/10/2018,18177.8,"18,271.00","18,364.20","18,177.80"
12/11/2018,18084.5,"18,224.40","18,364.20","17,898.10"
12/12/2018,18364.2,"18,084.50","18,364.20","18,084.50"
12/13/2018,18364.2,"18,504.00","18,597.30","18,364.20"
12/14/2018,17944.7,"18,177.80","18,364.20","17,944.70"
12/17/2018,16779.5,"17,898.10","17,898.10","16,779.50"
12/18/2018,16453.2,"16,313.40","16,732.90","16,266.80"
12/19/2018,16499.8,"16,639.60","16,686.30","16,360.00"
12/20/2018,16686.3,"16,313.40","16,686.30","16,313.40"
12/21/2018,16686.3,"16,499.80","16,686.30","16,313.40"
12/24/2018,16266.8,"16,686.30","16,779.50","16,220.20"
12/25/2018,15614.2,"15,707.50","15,847.30","15,194.70"
12/26/2018,15194.7,"15,614.20","15,847.30","15,194.70"
12/27/2018,15241.4,"15,754.10","15,754.10","15,241.40"
12/28/2018,15288,"15,241.40","15,474.40","14,915.10"
1/2/2019,15381.2,"15,194.70","15,521.00","15,148.10"
1/3/2019,15148.1,"15,334.60","15,381.20","15,054.90"
1/4/2019,15194.7,"15,008.30","15,288.00","14,821.90"
1/7/2019,15521,"15,474.40","15,660.80","15,427.80"
1/8/2019,15660.8,"15,614.20","15,754.10","15,521.00"
1/9/2019,15288,"15,660.80","15,707.50","15,241.40"
1/10/2019,14961.7,"15,241.40","15,288.00","14,961.70"
1/11/2019,15288,"14,961.70","15,427.80","14,961.70"
1/14/2019,14915.1,"15,381.20","15,474.40","14,775.30"
1/15/2019,14868.5,"14,915.10","15,008.30","14,775.30"
1/16/2019,14682,"14,915.10","15,101.50","14,682.00"
1/17/2019,14542.2,"14,682.00","14,821.90","14,542.20"
1/18/2019,14542.2,"14,728.70","14,728.70","14,542.20"
1/21/2019,15054.9,"14,355.80","15,194.70","14,029.50"
1/22/2019,15054.9,"15,054.90","15,288.00","14,775.30"
1/23/2019,15008.3,"14,728.70","15,101.50","14,728.70"
1/24/2019,14961.7,"14,961.70","15,101.50","14,868.50"
1/25/2019,15101.5,"14,961.70","15,241.40","14,821.90"
1/28/2019,15008.3,"15,101.50","15,288.00","15,008.30"
1/29/2019,15101.5,"15,008.30","15,101.50","14,821.90"
1/30/2019,15008.3,"15,148.10","15,194.70","15,008.30"
1/31/2019,15008.3,"15,008.30","15,148.10","14,961.70"
2/1/2019,14915.1,"14,961.70","15,008.30","14,915.10"
2/11/2019,15660.8,"15,148.10","15,660.80","14,915.10"
2/12/2019,16033.7,"15,847.30","16,266.80","15,614.20"
2/13/2019,16080.3,"16,033.70","16,220.20","15,847.30"
2/14/2019,16080.3,"15,940.50","16,266.80","15,800.70"
2/15/2019,15893.9,"16,080.30","16,080.30","15,893.90"
2/18/2019,16033.7,"16,126.90","16,126.90","15,940.50"
2/19/2019,16033.7,"16,080.30","16,499.80","15,940.50"
2/20/2019,16173.6,"16,033.70","16,360.00","16,033.70"
2/21/2019,16220.2,"16,173.60","16,313.40","16,033.70"
2/22/2019,16220.2,"16,033.70","16,406.60","15,987.10"
2/25/2019,16686.3,"16,406.60","16,965.90","16,406.60"
2/26/2019,16639.6,"16,779.50","17,012.50","16,499.80"
2/27/2019,16406.6,"16,826.10","16,826.10","16,313.40"
2/28/2019,16266.8,"16,406.60","16,499.80","15,847.30"
3/1/2019,16313.4,"16,266.80","16,313.40","16,033.70"
3/4/2019,16593,"16,313.40","16,826.10","16,313.40"
3/5/2019,16406.6,"16,593.00","16,779.50","16,406.60"
3/6/2019,16499.8,"16,406.60","16,593.00","16,360.00"
3/7/2019,16919.3,"16,499.80","17,012.50","16,499.80"
3/8/2019,16546.4,"16,686.30","16,779.50","16,360.00"
3/11/2019,16546.4,"16,546.40","16,593.00","16,313.40"
3/12/2019,16499.8,"16,779.50","16,779.50","16,173.60"
3/13/2019,17152.4,"16,593.00","17,199.00","16,593.00"
3/14/2019,17012.5,"17,245.60","17,245.60","17,012.50"
3/15/2019,16732.9,"17,012.50","17,012.50","16,686.30"
3/18/2019,16826.1,"16,872.70","16,872.70","16,639.60"
3/19/2019,16126.9,"16,965.90","16,965.90","16,126.90"
3/20/2019,16173.6,"16,080.30","16,173.60","15,800.70"
3/21/2019,15381.2,"16,033.70","16,220.20","15,381.20"
3/22/2019,15567.6,"15,381.20","15,707.50","15,381.20"
3/25/2019,15427.8,"15,008.30","15,427.80","14,961.70"
3/26/2019,15567.6,"15,474.40","15,660.80","15,288.00"
3/27/2019,15707.5,"15,660.80","15,754.10","15,288.00"
3/28/2019,15754.1,"15,567.60","15,754.10","15,474.40"
3/29/2019,15660.8,"15,660.80","15,800.70","15,614.20"
4/1/2019,15614.2,"15,754.10","15,800.70","15,614.20"
4/2/2019,15660.8,"15,847.30","15,847.30","15,567.60"
4/3/2019,15660.8,"15,567.60","15,707.50","15,427.80"
4/4/2019,15707.5,"15,614.20","15,754.10","15,567.60"
4/5/2019,15660.8,"15,754.10","15,754.10","15,614.20"
4/8/2019,15707.5,"15,707.50","15,800.70","15,614.20"
4/9/2019,15847.3,"15,847.30","16,266.80","15,847.30"
4/10/2019,15660.8,"15,847.30","15,940.50","15,660.80"
4/11/2019,15660.8,"15,660.80","15,800.70","15,567.60"
4/12/2019,15614.2,"15,660.80","15,660.80","15,334.60"
4/16/2019,15194.7,"15,427.80","15,474.40","14,915.10"
4/17/2019,15008.3,"15,194.70","15,381.20","15,008.30"
4/18/2019,15008.3,"15,008.30","15,008.30","14,682.00"
4/19/2019,14868.5,"15,101.50","15,101.50","14,868.50"
4/22/2019,14449,"14,868.50","14,868.50","14,402.40"
4/23/2019,14728.7,"14,355.80","14,728.70","14,355.80"
4/24/2019,14821.9,"14,728.70","14,868.50","14,682.00"
4/25/2019,14868.5,"14,915.10","14,915.10","14,635.40"
4/26/2019,14868.5,"14,868.50","14,915.10","14,682.00"
5/2/2019,14635.4,"14,682.00","14,868.50","14,449.00"
5/3/2019,14588.8,"14,635.40","14,728.70","14,542.20"
5/6/2019,14588.8,"14,449.00","14,635.40","14,262.60"
5/7/2019,14728.7,"14,635.40","14,728.70","14,402.40"
5/8/2019,14775.3,"14,542.20","14,775.30","14,542.20"
5/9/2019,15148.1,"14,775.30","15,148.10","14,728.70"
5/10/2019,15334.6,"15,241.40","15,334.60","15,101.50"
5/13/2019,15381.2,"15,334.60","15,474.40","15,194.70"
5/14/2019,15334.6,"15,334.60","15,381.20","15,194.70"
5/15/2019,9491.8,"9,491.80","9,549.30","9,405.50"
5/16/2019,9434.2,"9,491.80","9,520.50","9,376.70"
5/17/2019,9606.8,"9,405.50","9,635.60","9,376.70"
5/20/2019,9578,"9,606.80","9,664.30","9,463.00"
5/21/2019,9549.3,"9,693.10","9,693.10","9,491.80"
5/22/2019,9606.8,"9,578.00","9,693.10","9,463.00"
5/23/2019,9520.5,"9,606.80","9,606.80","9,463.00"
5/24/2019,9405.5,"9,434.20","9,549.30","9,405.50"
5/27/2019,9405.5,"9,405.50","9,405.50","9,319.20"
5/28/2019,9319.2,"9,376.70","9,376.70","9,290.40"
5/29/2019,9290.4,"9,319.20","9,319.20","9,175.40"
5/30/2019,9290.4,"9,232.90","9,290.40","9,232.90"
5/31/2019,9204.1,"9,261.70","9,290.40","8,916.50"
6/3/2019,8916.5,"9,089.10","9,520.50","8,916.50"
6/4/2019,9002.8,"9,089.10","9,089.10","8,916.50"
6/5/2019,9031.6,"9,204.10","9,204.10","9,031.60"
6/6/2019,9060.3,"9,031.60","9,089.10","8,916.50"
6/7/2019,9146.6,"9,002.80","9,175.40","9,002.80"
6/10/2019,9117.8,"9,204.10","9,261.70","9,117.80"
6/11/2019,9175.4,"9,204.10","9,204.10","9,060.30"
6/12/2019,9204.1,"9,175.40","9,204.10","9,089.10"
6/13/2019,9263.5,"9,263.50","9,322.90","9,174.40"
6/14/2019,9263.5,"9,204.10","9,322.90","8,847.80"
6/17/2019,9026,"9,115.10","9,293.20","9,026.00"
6/18/2019,9174.4,"9,085.40","9,174.40","8,877.50"
6/19/2019,9144.8,"9,174.40","9,174.40","8,966.60"
6/20/2019,9233.8,"9,144.80","9,263.50","9,115.10"
6/21/2019,9263.5,"9,233.80","9,263.50","9,144.80"
6/24/2019,9233.8,"9,263.50","9,293.20","9,144.80"
6/25/2019,9204.1,"9,233.80","9,233.80","9,144.80"
6/26/2019,9174.4,"9,174.40","9,174.40","9,055.70"
6/27/2019,9115.1,"9,174.40","9,174.40","8,966.60"
6/28/2019,9144.8,"9,115.10","9,144.80","8,966.60"
7/1/2019,9174.4,"9,263.50","9,263.50","9,115.10"
7/2/2019,9026,"9,174.40","9,204.10","9,026.00"
7/3/2019,8966.6,"9,026.00","9,026.00","8,847.80"
7/4/2019,9055.7,"8,966.60","9,085.40","8,877.50"
7/5/2019,9085.4,"9,085.40","9,085.40","8,907.20"
7/8/2019,9026,"9,026.00","9,055.70","8,907.20"
7/9/2019,8996.3,"8,966.60","8,996.30","8,847.80"
7/10/2019,8966.6,"8,936.90","9,026.00","8,936.90"
7/11/2019,8996.3,"8,936.90","9,026.00","8,936.90"
7/12/2019,8877.5,"9,026.00","9,055.70","8,877.50"
7/15/2019,8877.5,"8,877.50","8,936.90","8,818.20"
7/16/2019,8966.6,"8,907.20","8,996.30","8,877.50"
7/17/2019,9115.1,"8,966.60","9,174.40","8,966.60"
7/18/2019,9055.7,"9,085.40","9,115.10","8,996.30"
7/19/2019,9085.4,"9,055.70","9,115.10","9,026.00"
7/22/2019,8907.2,"8,936.90","9,026.00","8,877.50"
7/23/2019,8907.2,"8,907.20","9,026.00","8,788.50"
7/24/2019,8877.5,"8,907.20","8,907.20","8,669.70"
7/25/2019,8847.8,"8,818.20","8,847.80","8,669.70"
7/26/2019,8847.8,"8,847.80","8,847.80","8,669.70"
7/29/2019,8818.2,"8,847.80","8,847.80","8,669.70"
7/30/2019,8788.5,"8,818.20","8,818.20","8,699.40"
7/31/2019,8788.5,"8,788.50","8,788.50","8,640.00"
8/1/2019,8758.8,"8,788.50","8,818.20","8,699.40"
8/2/2019,8788.5,"8,669.70","8,788.50","8,580.60"
8/5/2019,8758.8,"8,788.50","8,788.50","8,669.70"
8/6/2019,8729.1,"8,640.00","8,729.10","8,491.60"
8/7/2019,8699.4,"8,758.80","8,758.80","8,550.90"
8/8/2019,8669.7,"8,550.90","8,669.70","8,550.90"
8/9/2019,8669.7,"8,729.10","8,729.10","8,610.30"
8/12/2019,8669.7,"8,699.40","8,699.40","8,640.00"
8/13/2019,8610.3,"8,610.30","8,669.70","8,521.30"
8/14/2019,8610.3,"8,610.30","8,699.40","8,580.60"
8/15/2019,8699.4,"8,550.90","8,699.40","8,402.50"
8/16/2019,8729.1,"8,699.40","9,115.10","8,550.90"
8/19/2019,8729.1,"8,729.10","8,907.20","8,729.10"
8/20/2019,8699.4,"8,847.80","8,847.80","8,699.40"
8/21/2019,8640,"8,669.70","8,699.40","8,610.30"
8/22/2019,8669.7,"8,699.40","8,699.40","8,580.60"
8/23/2019,8550.9,"8,669.70","8,669.70","8,550.90"
8/26/2019,8491.6,"8,521.30","8,550.90","8,402.50"
8/27/2019,8283.7,"8,550.90","8,550.90","8,283.70"
8/28/2019,8343.1,"8,283.70","8,372.80","8,254.00"
8/29/2019,8313.4,"8,343.10","8,402.50","8,075.90"
8/30/2019,8313.4,"8,343.10","8,343.10","8,194.70"
9/3/2019,8254,"8,313.40","8,313.40","8,135.30"
9/4/2019,8194.7,"8,224.30","8,224.30","8,046.20"
9/5/2019,8165,"8,194.70","8,194.70","8,046.20"
9/6/2019,8165,"7,719.60","8,165.00","7,719.60"
9/9/2019,8194.7,"8,165.00","8,194.70","7,986.80"
9/10/2019,8165,"8,165.00","8,165.00","7,986.80"
9/11/2019,8313.4,"8,165.00","8,343.10","8,016.50"
9/12/2019,8313.4,"8,313.40","8,313.40","8,224.30"
9/13/2019,8343.1,"8,313.40","8,372.80","8,254.00"
9/16/2019,8372.8,"8,372.80","8,491.60","8,343.10"
9/17/2019,8254,"8,372.80","8,432.20","8,254.00"
9/18/2019,8313.4,"8,283.70","8,402.50","8,254.00"
9/19/2019,8313.4,"8,313.40","8,343.10","8,194.70"
9/20/2019,8283.7,"8,313.40","8,372.80","8,254.00"
9/23/2019,8283.7,"8,283.70","8,372.80","8,254.00"
9/24/2019,8283.7,"8,283.70","8,313.40","8,224.30"
9/25/2019,8283.7,"8,283.70","8,283.70","8,224.30"
9/26/2019,8461.9,"8,283.70","8,580.60","8,283.70"
9/27/2019,8640,"8,550.90","8,729.10","8,550.90"
9/30/2019,8580.6,"8,699.40","8,758.80","8,580.60"
10/1/2019,8402.5,"8,550.90","8,550.90","8,343.10"
10/2/2019,8372.8,"8,432.20","8,432.20","8,343.10"
10/3/2019,8372.8,"8,343.10","8,372.80","8,224.30"
10/4/2019,8372.8,"8,372.80","8,432.20","8,283.70"
10/7/2019,8313.4,"8,372.80","8,372.80","8,194.70"
10/8/2019,8313.4,"8,313.40","8,313.40","8,165.00"
10/9/2019,8283.7,"8,313.40","8,313.40","8,224.30"
10/10/2019,8283.7,"8,224.30","8,283.70","8,165.00"
10/11/2019,8254,"8,283.70","8,283.70","8,135.30"
10/14/2019,8016.5,"8,254.00","8,283.70","7,897.70"
10/15/2019,8194.7,"8,075.90","8,194.70","8,016.50"
10/16/2019,8194.7,"8,194.70","8,194.70","8,016.50"
10/17/2019,8135.3,"8,135.30","8,135.30","8,016.50"
10/18/2019,8075.9,"8,135.30","8,135.30","8,016.50"
10/21/2019,8165,"8,075.90","8,165.00","7,897.70"
10/22/2019,8165,"8,046.20","8,165.00","8,016.50"
10/23/2019,8165,"8,165.00","8,165.00","8,075.90"
10/24/2019,8165,"8,165.00","8,165.00","8,016.50"
10/25/2019,8016.5,"8,165.00","8,165.00","8,016.50"
10/28/2019,8075.9,"8,016.50","8,075.90","7,986.80"
10/29/2019,8075.9,"8,075.90","8,075.90","7,957.10"
10/30/2019,8075.9,"8,016.50","8,105.60","7,986.80"
10/31/2019,8075.9,"8,075.90","8,075.90","7,986.80"
11/1/2019,8135.3,"7,986.80","8,135.30","7,986.80"
11/4/2019,8165,"8,165.00","8,194.70","8,105.60"
11/5/2019,8194.7,"8,165.00","8,224.30","8,135.30"
11/6/2019,8194.7,"8,194.70","8,254.00","8,075.90"
11/7/2019,8372.8,"8,194.70","8,372.80","8,135.30"
11/8/2019,8432.2,"8,402.50","8,521.30","8,372.80"
11/11/2019,8432.2,"8,432.20","8,461.90","8,313.40"
11/12/2019,8402.5,"8,432.20","8,432.20","8,313.40"
11/13/2019,8372.8,"8,402.50","8,402.50","8,313.40"
11/14/2019,8372.8,"8,402.50","8,402.50","8,254.00"
11/15/2019,8432.2,"8,313.40","8,432.20","8,254.00"
11/18/2019,8313.4,"8,343.10","8,402.50","8,313.40"
11/19/2019,8343.1,"8,283.70","8,343.10","8,254.00"
11/20/2019,8313.4,"8,313.40","8,372.80","8,313.40"
11/21/2019,8313.4,"8,283.70","8,313.40","8,254.00"
11/22/2019,8313.4,"8,313.40","8,313.40","8,016.50"
11/25/2019,8283.7,"8,313.40","8,313.40","8,194.70"
11/26/2019,8313.4,"8,283.70","8,313.40","8,254.00"
11/27/2019,8283.7,"8,313.40","8,313.40","8,254.00"
11/28/2019,8254,"8,283.70","8,283.70","8,165.00"
11/29/2019,8224.3,"8,194.70","8,224.30","8,075.90"
12/2/2019,8224.3,"8,224.30","8,224.30","8,075.90"
12/3/2019,8194.7,"8,224.30","8,224.30","8,105.60"
12/4/2019,8224.3,"8,135.30","8,224.30","8,105.60"
12/5/2019,8224.3,"8,224.30","8,224.30","8,105.60"
12/6/2019,8224.3,"8,135.30","8,254.00","8,105.60"
12/9/2019,8224.3,"8,224.30","8,224.30","8,165.00"
12/10/2019,8254,"8,224.30","8,283.70","8,194.70"
12/11/2019,8254,"8,194.70","8,254.00","8,165.00"
12/12/2019,8580.6,"8,194.70","8,580.60","8,135.30"
12/13/2019,8521.3,"8,550.90","8,550.90","8,343.10"
12/16/2019,8521.3,"8,521.30","8,550.90","8,491.60"
12/17/2019,8580.6,"8,550.90","8,580.60","8,432.20"
12/18/2019,8610.3,"8,610.30","8,610.30","8,461.90"
12/19/2019,8640,"8,491.60","8,640.00","8,491.60"
12/20/2019,8610.3,"8,640.00","8,640.00","8,313.40"
12/23/2019,8610.3,"8,610.30","8,610.30","8,491.60"
12/24/2019,8550.9,"8,610.30","8,610.30","8,432.20"
12/25/2019,8580.6,"8,343.10","8,580.60","8,343.10"
12/26/2019,8550.9,"8,550.90","8,550.90","8,402.50"
12/27/2019,8550.9,"8,491.60","8,610.30","8,432.20"
12/30/2019,8521.3,"8,402.50","8,580.60","8,402.50"
12/31/2019,8550.9,"8,550.90","8,550.90","8,372.80"
1/2/2020,8580.6,"8,343.10","8,580.60","8,343.10"
1/3/2020,8550.9,"8,580.60","8,580.60","8,402.50"
1/6/2020,8491.6,"8,432.20","8,550.90","8,372.80"
1/7/2020,8491.6,"8,491.60","8,491.60","8,372.80"
1/8/2020,8372.8,"8,372.80","8,402.50","8,194.70"
1/9/2020,8461.9,"8,372.80","8,461.90","8,372.80"
1/10/2020,8491.6,"8,461.90","8,491.60","8,432.20"
1/13/2020,8491.6,"8,491.60","8,521.30","8,432.20"
1/14/2020,8461.9,"8,343.10","8,521.30","8,343.10"
1/15/2020,8432.2,"8,461.90","8,521.30","8,402.50"
1/16/2020,8550.9,"8,521.30","8,550.90","8,372.80"
1/17/2020,8580.6,"8,580.60","8,580.60","8,313.40"
1/20/2020,8580.6,"8,491.60","8,640.00","8,491.60"
1/21/2020,8610.3,"8,610.30","8,610.30","8,550.90"
1/22/2020,8966.6,"8,669.70","8,966.60","8,610.30"
1/30/2020,8877.5,"8,907.20","8,907.20","8,610.30"
1/31/2020,8729.1,"8,610.30","8,847.80","8,491.60"
2/3/2020,8313.4,"8,640.00","8,640.00","8,135.30"
2/4/2020,8313.4,"8,313.40","8,313.40","7,927.40"
2/5/2020,8372.8,"8,254.00","8,372.80","8,135.30"
2/6/2020,8372.8,"7,927.40","8,432.20","7,927.40"
2/7/2020,8343.1,"8,313.40","8,432.20","8,194.70"
2/10/2020,8224.3,"8,224.30","8,313.40","8,194.70"
2/11/2020,8402.5,"8,165.00","8,402.50","8,135.30"
2/12/2020,3445.3,"3,373.00","3,445.30","3,361.00"
2/13/2020,3409.2,"3,433.30","3,433.30","3,373.00"
2/14/2020,3421.2,"3,409.20","3,421.20","3,348.90"
2/17/2020,3445.3,"3,421.20","3,457.40","3,373.00"
2/18/2020,3421.2,"3,445.30","3,445.30","3,324.90"
2/19/2020,3421.2,"3,348.90","3,421.20","3,336.90"
2/20/2020,3397.1,"3,373.00","3,409.20","3,336.90"
2/21/2020,3385.1,"3,348.90","3,385.10","3,324.90"
2/24/2020,3264.6,"3,300.80","3,324.90","3,180.30"
2/25/2020,3300.8,"3,192.30","3,300.80","3,180.30"
2/26/2020,3288.7,"3,228.50","3,288.70","3,192.30"
2/27/2020,3300.8,"3,228.50","3,300.80","3,204.40"
2/28/2020,3252.6,"3,228.50","3,252.60","3,156.20"
3/2/2020,3252.6,"3,204.40","3,252.60","3,192.30"
3/3/2020,3324.9,"3,252.60","3,324.90","3,204.40"
3/4/2020,3312.8,"3,264.60","3,312.80","3,228.50"
3/5/2020,3312.8,"3,312.80","3,312.80","3,252.60"
3/6/2020,3312.8,"3,264.60","3,312.80","3,264.60"
3/9/2020,3252.6,"3,240.50","3,252.60","3,083.90"
3/10/2020,3252.6,"3,108.00","3,252.60","3,096.00"
3/11/2020,3469.4,"3,228.50","3,469.40","3,108.00"
3/12/2020,3228.5,"3,457.40","3,457.40","3,228.50"
3/13/2020,3204.4,"3,011.60","3,204.40","3,011.60"
3/16/2020,3180.3,"3,108.00","3,180.30","3,011.60"
3/17/2020,3180.3,"3,011.60","3,192.30","2,999.60"
3/18/2020,3132.1,"3,096.00","3,180.30","3,083.90"
3/19/2020,3120.1,"3,059.80","3,120.10","2,999.60"
3/20/2020,3059.8,"3,047.80","3,120.10","3,023.70"
3/23/2020,2855,"2,867.10","2,891.20","2,855.00"
3/24/2020,2770.7,"2,662.30","2,843.00","2,662.30"
3/25/2020,2818.9,"2,770.70","2,855.00","2,710.50"
3/26/2020,2770.7,"2,746.60","2,770.70","2,626.10"
3/27/2020,2758.7,"2,650.20","2,770.70","2,578.00"
3/30/2020,2734.6,"2,590.00","2,746.60","2,565.90"
3/31/2020,2734.6,"2,602.10","2,734.60","2,578.00"
4/1/2020,2674.3,"2,614.10","2,746.60","2,614.10"
4/3/2020,2686.4,"2,674.30","2,746.60","2,650.20"
4/6/2020,2746.6,"2,686.40","2,770.70","2,674.30"
4/7/2020,2722.5,"2,746.60","2,746.60","2,638.20"
4/8/2020,2650.2,"2,650.20","2,698.40","2,602.10"
4/9/2020,2770.7,"2,650.20","2,830.90","2,626.10"
4/10/2020,2770.7,"2,794.80","2,806.90","2,698.40"
4/13/2020,2734.6,"2,770.70","2,818.90","2,734.60"
4/14/2020,2710.5,"2,746.60","2,746.60","2,674.30"
4/15/2020,2734.6,"2,710.50","2,782.80","2,710.50"
4/16/2020,2818.9,"2,746.60","2,843.00","2,698.40"
4/17/2020,2951.4,"2,879.10","2,951.40","2,867.10"
4/20/2020,2843,"2,963.40","2,975.50","2,843.00"
4/21/2020,2650.2,"2,698.40","2,770.70","2,650.20"
4/22/2020,2686.4,"2,529.80","2,758.70","2,517.70"
4/23/2020,2674.3,"2,698.40","2,734.60","2,638.20"
4/24/2020,2626.1,"2,686.40","2,686.40","2,590.00"
4/27/2020,2638.2,"2,650.20","2,686.40","2,626.10"
4/28/2020,2614.1,"2,650.20","2,650.20","2,578.00"
4/29/2020,2638.2,"2,614.10","2,650.20","2,602.10"
5/4/2020,2590,"2,626.10","2,626.10","2,590.00"
5/5/2020,2578,"2,590.00","2,602.10","2,565.90"
5/6/2020,2626.1,"2,578.00","2,626.10","2,565.90"
5/7/2020,2650.2,"2,626.10","2,662.30","2,602.10"
5/8/2020,2686.4,"2,674.30","2,746.60","2,674.30"
5/11/2020,2843,"2,746.60","2,843.00","2,746.60"
5/12/2020,2951.4,"2,867.10","2,987.60","2,843.00"
5/13/2020,2903.2,"2,891.20","2,951.40","2,843.00"
5/14/2020,2951.4,"2,843.00","2,987.60","2,818.90"
5/15/2020,2879.1,"2,963.40","2,963.40","2,867.10"
5/18/2020,2891.2,"2,867.10","2,903.20","2,843.00"
5/19/2020,2939.4,"2,975.50","2,987.60","2,915.30"
5/20/2020,2939.4,"2,903.20","2,939.40","2,879.10"
5/21/2020,2915.3,"2,939.40","2,939.40","2,903.20"
5/22/2020,2987.6,"2,915.30","3,059.80","2,903.20"
5/25/2020,3047.8,"2,987.60","3,059.80","2,987.60"
5/26/2020,3168.2,"3,059.80","3,180.30","3,059.80"
5/27/2020,3071.9,"3,228.50","3,240.50","3,071.90"
5/28/2020,3071.9,"3,071.90","3,108.00","3,023.70"
5/29/2020,3071.9,"3,011.60","3,096.00","2,999.60"
6/1/2020,3132.1,"3,096.00","3,132.10","3,083.90"
6/2/2020,3108,"3,168.20","3,168.20","3,071.90"
6/3/2020,3120.1,"3,132.10","3,132.10","3,083.90"
6/4/2020,3276.7,"3,168.20","3,312.80","3,168.20"
6/5/2020,3312.8,"3,252.60","3,336.90","3,228.50"
6/8/2020,3373,"3,397.10","3,421.20","3,336.90"
6/9/2020,3288.7,"3,348.90","3,373.00","3,276.70"
6/10/2020,3312.8,"3,300.80","3,336.90","3,204.40"
6/11/2020,3132.1,"3,312.80","3,324.90","3,108.00"
6/12/2020,3108,"2,987.60","3,108.00","2,987.60"
6/15/2020,2939.4,"3,132.10","3,132.10","2,891.20"
6/16/2020,3144.1,"2,951.40","3,144.10","2,951.40"
6/17/2020,3144.1,"3,132.10","3,168.20","3,096.00"
6/18/2020,3108,"3,059.80","3,144.10","3,059.80"
6/19/2020,3180.3,"3,108.00","3,180.30","3,108.00"
6/22/2020,3180.3,"3,204.40","3,204.40","3,144.10"
6/23/2020,3324.9,"3,228.50","3,361.00","3,216.40"
6/24/2020,3264.6,"3,324.90","3,373.00","3,252.60"
6/25/2020,3276.7,"3,192.30","3,276.70","3,156.20"
6/26/2020,3288.7,"3,276.70","3,361.00","3,204.40"
6/29/2020,3168.2,"3,204.40","3,240.50","3,096.00"
6/30/2020,3168.2,"3,180.30","3,204.40","3,047.80"
7/1/2020,3116.2,"3,116.20","3,151.60","3,045.40"
7/2/2020,3080.8,"3,080.80","3,116.20","3,057.10"
7/3/2020,3069,"3,092.60","3,092.60","3,045.40"
7/6/2020,3116.2,"3,069.00","3,139.80","3,057.10"
7/7/2020,3104.4,"3,116.20","3,163.40","3,069.00"
7/8/2020,3092.6,"3,069.00","3,104.40","3,057.10"
7/9/2020,3139.8,"3,092.60","3,139.80","3,092.60"
7/10/2020,3104.4,"3,139.80","3,175.20","3,104.40"
7/13/2020,3139.8,"3,104.40","3,139.80","3,104.40"
7/14/2020,3187,"3,139.80","3,187.00","3,116.20"
7/15/2020,3163.4,"3,187.00","3,222.40","3,151.60"
7/16/2020,3139.8,"3,163.40","3,187.00","3,116.20"
7/17/2020,3128,"3,128.00","3,151.60","3,116.20"
7/20/2020,3115.7,"3,177.00","3,177.00","3,115.70"
7/21/2020,3103.4,"3,140.20","3,140.20","3,091.20"
7/22/2020,3066.6,"3,115.70","3,128.00","3,042.10"
7/23/2020,3078.9,"3,078.90","3,078.90","2,968.50"
7/24/2020,2944,"3,078.90","3,078.90","2,870.40"
7/27/2020,2747.7,"2,747.70","2,821.30","2,747.70"
7/28/2020,2858.1,"2,723.20","2,870.40","2,723.20"
7/29/2020,2784.5,"2,772.30","2,821.30","2,661.90"
7/30/2020,2809.1,"2,772.30","2,821.30","2,772.30"
7/31/2020,2747.7,"2,674.10","2,772.30","2,661.90"
8/3/2020,2784.5,"2,698.60","2,809.10","2,698.60"
8/4/2020,2821.3,"2,821.30","2,845.90","2,784.50"
8/5/2020,2845.9,"2,809.10","2,882.60","2,796.80"
8/6/2020,2809.1,"2,821.30","2,858.10","2,796.80"
8/7/2020,2809.1,"2,809.10","2,821.30","2,784.50"
8/10/2020,2821.3,"2,809.10","2,858.10","2,809.10"
8/11/2020,2858.1,"2,821.30","2,870.40","2,821.30"
8/12/2020,2870.4,"2,858.10","2,882.60","2,833.60"
8/13/2020,2882.6,"2,870.40","2,894.90","2,858.10"
8/14/2020,2845.9,"2,882.60","2,894.90","2,821.30"
8/17/2020,2845.9,"2,845.90","2,845.90","2,809.10"
8/18/2020,2796.8,"2,833.60","2,845.90","2,796.80"
8/19/2020,2845.9,"2,796.80","2,845.90","2,784.50"
8/20/2020,2821.3,"2,821.30","2,845.90","2,796.80"
8/21/2020,2845.9,"2,821.30","2,858.10","2,809.10"
8/24/2020,2907.2,"2,858.10","2,931.70","2,858.10"
8/25/2020,2907.2,"2,919.40","2,944.00","2,907.20"
8/26/2020,2931.7,"2,919.40","2,931.70","2,894.90"
8/27/2020,2931.7,"2,919.40","2,944.00","2,907.20"
8/28/2020,2980.8,"2,956.20","3,042.10","2,944.00"
8/31/2020,2956.2,"2,980.80","3,017.60","2,944.00"
9/1/2020,2980.8,"2,956.20","2,993.00","2,944.00"
9/3/2020,2980.8,"3,005.30","3,017.60","2,968.50"
9/4/2020,3005.3,"2,931.70","3,054.40","2,882.60"
9/7/2020,2980.8,"3,017.60","3,091.20","2,968.50"
9/8/2020,3029.8,"3,005.30","3,029.80","2,968.50"
9/9/2020,3029.8,"3,005.30","3,054.40","2,968.50"
9/10/2020,3054.4,"3,054.40","3,078.90","3,042.10"
9/11/2020,3066.6,"3,054.40","3,066.60","3,029.80"
9/14/2020,3103.4,"3,078.90","3,115.70","3,078.90"
9/15/2020,3128,"3,103.40","3,128.00","3,091.20"
9/16/2020,3103.4,"3,103.40","3,128.00","3,103.40"
9/17/2020,3103.4,"3,103.40","3,115.70","3,078.90"
9/18/2020,3177,"3,103.40","3,213.80","3,103.40"
9/21/2020,3213.8,"3,238.40","3,262.90","3,189.30"
9/22/2020,3262.9,"3,189.30","3,287.40","3,177.00"
9/23/2020,3312,"3,312.00","3,361.00","3,275.20"
9/24/2020,3299.7,"3,287.40","3,324.20","3,262.90"
9/25/2020,3287.4,"3,336.50","3,336.50","3,262.90"
9/28/2020,3373.3,"3,336.50","3,397.80","3,287.40"
9/29/2020,3312,"3,385.60","3,397.80","3,299.70"
9/30/2020,3312,"3,312.00","3,312.00","3,275.20"
10/1/2020,3496,"3,336.50","3,532.80","3,336.50"
10/2/2020,3496,"3,496.00","3,508.20","3,361.00"
10/5/2020,3729,"3,508.20","3,729.00","3,508.20"
10/6/2020,3778.1,"3,765.80","3,900.80","3,729.00"
10/7/2020,3765.8,"3,753.60","3,778.10","3,716.80"
10/8/2020,3765.8,"3,765.80","3,778.10","3,716.80"
10/9/2020,3913,"3,778.10","3,925.30","3,765.80"
10/12/2020,3876.2,"3,986.60","4,011.20","3,827.20"
10/13/2020,3790.4,"3,851.70","3,851.70","3,765.80"
10/14/2020,3888.5,"3,790.40","3,888.50","3,778.10"
10/15/2020,3888.5,"3,913.00","3,949.80","3,814.90"
10/16/2020,3900.8,"3,913.00","3,962.10","3,839.40"
10/19/2020,3925.3,"3,949.80","3,986.60","3,888.50"
10/20/2020,3925.3,"3,913.00","3,949.80","3,851.70"
10/21/2020,3900.8,"3,974.40","4,011.20","3,876.20"
10/22/2020,3937.6,"3,839.40","3,937.60","3,802.60"
10/23/2020,3925.3,"3,949.80","3,949.80","3,888.50"
10/26/2020,3827.2,"3,949.80","3,962.10","3,827.20"
10/27/2020,3765.8,"3,778.10","3,851.70","3,729.00"
10/28/2020,3643.2,"3,729.00","3,765.80","3,557.30"
10/29/2020,3680,"3,594.10","3,704.50","3,569.60"
10/30/2020,3630.9,"3,680.00","3,692.20","3,569.60"
11/2/2020,3753.6,"3,630.90","3,802.60","3,630.90"
11/3/2020,3765.8,"3,790.40","3,814.90","3,753.60"
11/4/2020,3888.5,"3,765.80","3,888.50","3,765.80"
11/5/2020,3851.7,"3,839.40","3,925.30","3,814.90"
11/6/2020,3864,"3,851.70","3,876.20","3,802.60"
11/9/2020,3937.6,"3,974.40","3,974.40","3,900.80"
11/10/2020,4207.4,"3,974.40","4,207.40","3,913.00"
11/11/2020,4244.2,"4,244.20","4,256.50","4,158.40"
11/12/2020,4244.2,"4,182.90","4,256.50","4,170.60"
11/13/2020,4244.2,"4,232.00","4,305.60","4,219.70"
11/16/2020,4170.6,"4,281.00","4,281.00","4,097.00"
11/17/2020,4232,"4,244.20","4,256.50","4,158.40"
11/18/2020,4342.4,"4,244.20","4,366.90","4,232.00"
11/19/2020,4281,"4,379.20","4,379.20","4,268.80"
11/20/2020,4195.2,"4,293.30","4,293.30","4,146.10"
11/23/2020,4232,"4,121.60","4,330.10","4,121.60"
11/24/2020,4207.4,"4,256.50","4,305.60","4,133.80"
11/25/2020,4219.7,"4,244.20","4,281.00","4,182.90"
11/26/2020,4281,"4,219.70","4,281.00","4,195.20"
11/27/2020,4465,"4,293.30","4,489.60","4,293.30"
11/30/2020,4477.3,"4,489.60","4,538.60","4,428.20"
12/1/2020,4624.5,"4,416.00","4,624.50","4,391.40"
12/2/2020,4649,"4,673.60","4,710.40","4,600.00"
12/3/2020,4661.3,"4,661.30","4,722.60","4,624.50"
12/4/2020,4587.7,"4,636.80","4,661.30","4,550.90"
12/7/2020,4710.4,"4,612.20","4,722.60","4,587.70"
12/8/2020,4906.6,"4,710.40","4,992.50","4,710.40"
12/9/2020,4931.2,"5,029.30","5,029.30","4,931.20"
12/10/2020,4808.5,"4,906.60","4,943.40","4,808.50"
12/11/2020,5004.8,"4,808.50","5,029.30","4,759.40"
12/14/2020,5348.2,"5,127.40","5,348.20","5,066.10"
12/15/2020,5618.1,"5,385.00","5,654.90","5,348.20"
12/16/2020,5605.8,"5,618.10","5,753.00","5,556.80"
12/17/2020,5544.5,"5,544.50","5,630.40","5,507.70"
12/18/2020,5924.8,"5,618.10","5,924.80","5,544.50"
12/21/2020,6329.5,"6,206.90","6,329.50","6,157.80"
12/22/2020,6746.6,"6,501.30","6,771.10","6,452.20"
12/23/2020,6636.2,"6,673.00","6,857.00","6,550.40"
12/24/2020,6624,"6,673.00","6,746.60","6,182.40"
12/25/2020,7077.8,"6,660.80","7,077.80","6,624.00"
12/28/2020,7360,"7,482.60","7,482.60","7,163.70"
12/29/2020,7310.9,"7,274.10","7,482.60","7,176.00"
12/30/2020,7212.8,"7,212.80","7,310.90","7,114.60"
12/31/2020,7360,"7,261.80","7,593.00","7,212.80"
1/4/2021,7507.1,"7,605.30","7,703.40","7,507.10"
1/5/2021,7384.5,"7,360.00","7,519.40","7,310.90"
1/6/2021,7347.7,"7,568.50","7,629.80","7,286.40"
1/7/2021,7360,"7,409.00","7,433.50","7,212.80"
1/8/2021,7261.8,"7,482.60","7,482.60","7,212.80"
1/11/2021,6942.9,"7,261.80","7,323.10","6,930.60"
1/12/2021,7274.1,"6,844.80","7,396.80","6,795.70"
1/13/2021,7102.4,"7,274.10","7,286.40","7,053.30"
1/14/2021,7531.7,"7,114.60","7,593.00","6,967.40"
1/15/2021,7789.3,"7,593.00","7,838.30","7,531.70"
1/18/2021,7519.4,"7,789.30","7,801.50","7,482.60"
1/19/2021,7004.2,"7,482.60","7,482.60","7,004.20"
1/20/2021,6918.4,"7,028.80","7,163.70","6,525.80"
1/21/2021,7102.4,"7,090.10","7,114.60","6,795.70"
1/22/2021,6857,"7,077.80","7,139.10","6,820.20"
1/25/2021,6844.8,"6,636.20","7,065.50","6,587.10"
1/26/2021,6403.1,"6,795.70","6,820.20","6,378.60"
1/27/2021,5961.6,"6,133.30","6,280.50","5,961.60"
1/28/2021,5544.5,"5,544.50","5,642.60","5,544.50"
1/29/2021,5753,"5,176.50","5,912.50","5,176.50"
2/1/2021,5372.8,"5,740.80","5,888.00","5,360.50"
2/2/2021,5642.6,"5,372.80","5,691.70","5,225.60"
2/3/2021,6035.2,"5,814.40","6,035.20","5,765.30"
2/4/2021,6256,"6,133.30","6,329.50","6,035.20"
2/5/2021,6464.5,"6,280.50","6,501.30","6,243.70"
2/8/2021,6378.6,"6,513.50","6,820.20","6,022.90"
2/9/2021,6648.5,"6,464.50","6,697.50","6,280.50"
2/17/2021,6869.3,"6,820.20","6,942.90","6,734.40"
2/18/2021,6746.6,"6,869.30","6,893.80","6,722.10"
2/19/2021,6771.1,"6,624.00","6,869.30","6,624.00"
2/22/2021,6709.8,"6,795.70","6,857.00","6,660.80"
2/23/2021,6758.9,"6,709.80","6,869.30","6,599.40"
2/24/2021,6820.2,"6,918.40","6,979.70","6,648.50"
2/25/2021,6832.5,"6,869.30","6,869.30","6,722.10"
2/26/2021,6795.7,"6,673.00","6,820.20","6,648.50"
3/1/2021,7163.7,"6,893.80","7,163.70","6,795.70"
3/2/2021,7114.6,"7,310.90","7,323.10","7,016.50"
3/3/2021,7077.8,"7,065.50","7,163.70","7,016.50"
3/4/2021,6795.7,"7,090.10","7,090.10","6,624.00"
3/5/2021,6746.6,"6,734.40","6,795.70","6,574.90"
3/8/2021,7041,"6,992.00","7,102.40","6,918.40"
3/9/2021,6930.6,"6,967.40","7,004.20","6,746.60"
3/10/2021,7041,"6,906.10","7,041.00","6,808.00"
3/11/2021,7310.9,"7,163.70","7,458.10","7,077.80"
3/12/2021,7212.8,"7,310.90","7,335.40","7,102.40"
3/15/2021,7139.1,"7,212.80","7,225.00","7,114.60"
3/16/2021,6992,"7,139.10","7,139.10","6,881.50"
3/17/2021,7053.3,"6,979.70","7,114.60","6,930.60"
3/18/2021,7310.9,"7,163.70","7,310.90","7,126.90"
3/19/2021,7543.9,"7,384.50","7,568.50","7,360.00"
3/22/2021,7458.1,"7,556.20","7,568.50","7,409.00"
3/23/2021,7249.5,"7,396.80","7,396.80","7,151.40"
3/24/2021,7090.1,"7,016.50","7,176.00","6,869.30"
3/25/2021,7090.1,"7,090.10","7,163.70","6,918.40"
3/26/2021,7053.3,"6,955.10","7,090.10","6,722.10"
3/29/2021,7139.1,"7,114.60","7,163.70","7,065.50"
3/30/2021,7409,"7,212.80","7,421.30","7,126.90"
4/5/2021,8145,"8,145.00","8,145.00","7,850.60"
4/6/2021,8169.5,"8,954.60","8,954.60","8,145.00"
4/7/2021,8341.3,"8,169.50","8,463.90","7,997.80"
4/8/2021,8709.3,"8,365.80","8,954.60","8,341.30"
4/9/2021,8758.3,"8,709.30","8,881.00","8,586.60"
4/12/2021,9280.8,"8,882.80","9,280.80","8,783.20"
4/13/2021,9007.2,"9,280.80","9,504.80","8,982.30"
4/14/2021,9231.1,"9,007.20","9,256.00","8,783.20"
4/15/2021,8982.3,"9,156.50","9,280.80","8,857.90"
4/16/2021,9206.2,"8,982.30","9,206.20","8,584.20"
4/19/2021,9280.8,"9,231.10","9,430.10","9,032.00"
4/20/2021,8982.3,"9,330.60","9,330.60","8,957.40"
4/22/2021,8708.6,"8,982.30","9,305.70","8,708.60"
4/23/2021,9032,"8,708.60","9,032.00","8,658.80"
4/26/2021,8658.8,"8,982.30","9,081.80","8,658.80"
4/27/2021,8733.5,"8,584.20","8,833.00","7,812.80"
4/28/2021,8882.8,"8,733.50","9,032.00","8,683.70"
4/29/2021,9007.2,"8,882.80","9,131.60","8,882.80"
5/4/2021,9231.1,"8,957.40","9,256.00","8,459.80"
5/5/2021,9579.4,"9,231.10","9,803.40","9,007.20"
5/6/2021,9554.5,"9,579.40","9,679.00","9,405.30"
5/7/2021,9828.3,"9,529.70","10,052.20","9,430.10"
5/10/2021,10325.9,"9,828.30","10,325.90","9,703.80"
5/11/2021,10077.1,"10,350.80","10,574.70","10,077.10"
5/12/2021,10350.8,"10,077.10","10,375.70","9,878.00"
5/13/2021,10276.1,"10,350.80","10,574.70","10,176.60"
5/14/2021,10201.5,"10,276.10","10,400.50","10,077.10"
5/17/2021,10151.7,"10,201.50","10,325.90","10,077.10"
5/18/2021,10226.4,"10,201.50","10,574.70","10,102.00"
5/19/2021,10649.3,"10,276.10","10,674.20","10,201.50"
5/20/2021,11072.3,"10,649.30","11,321.20","10,599.60"
5/21/2021,11022.6,"11,072.30","11,246.50","10,798.60"
5/24/2021,11221.6,"11,022.60","11,296.30","10,873.30"
5/25/2021,11346,"11,221.60","11,445.60","11,047.50"
5/26/2021,11346,"11,346.00","11,470.40","11,246.50"
5/27/2021,11022.6,"11,346.00","11,346.00","10,699.10"
5/28/2021,11445.6,"11,022.60","11,495.30","10,947.90"
5/31/2021,12366.2,"11,445.60","12,440.80","11,445.60"
6/1/2021,12615,"12,415.90","12,639.90","12,067.60"
6/2/2021,13859.1,"12,615.00","13,859.10","12,366.20"
6/3/2021,15227.6,"15,177.80","15,227.60","13,933.70"
6/4/2021,15028.5,"15,302.20","15,799.80","14,680.20"
6/7/2021,14182.5,"15,028.50","15,128.00","13,684.90"
6/8/2021,13038,"14,182.50","14,655.30","13,038.00"
6/9/2021,14331.8,"13,038.00","14,331.80","12,789.20"
6/10/2021,14987.8,"15,782.90","15,782.90","14,868.50"
6/11/2021,15822.7,"14,987.80","16,061.20","14,789.00"
6/14/2021,17293.6,"17,253.80","17,373.10","15,822.70"
6/15/2021,17770.7,"17,293.60","18,088.70","16,737.00"
6/16/2021,16975.6,"17,770.70","17,770.70","16,617.80"
6/17/2021,17452.6,"16,697.30","17,492.40","15,504.60"
6/18/2021,17373.1,"17,452.60","17,889.90","17,094.80"
6/21/2021,16697.3,"17,373.10","17,373.10","16,697.30"
6/22/2021,16737,"16,697.30","17,015.30","16,697.30"
6/23/2021,17055.1,"16,856.30","17,293.60","16,498.50"
6/24/2021,16975.6,"17,094.80","17,333.40","16,776.80"
6/25/2021,17889.9,"16,975.60","17,969.40","16,896.10"
6/28/2021,18088.7,"17,889.90","18,486.30","17,889.90"
6/29/2021,17969.4,"18,128.50","18,406.80","17,691.20"
6/30/2021,17651.4,"17,969.40","18,009.20","17,651.40"
7/1/2021,18446.5,"17,889.90","18,605.50","17,651.40"
7/2/2021,19241.6,"18,526.00","19,877.70","18,406.80"
7/5/2021,18883.8,"19,241.60","19,480.20","18,446.50"
7/6/2021,17015.3,"18,883.80","19,082.60","17,015.30"
7/7/2021,17691.2,"16,617.80","17,691.20","16,458.70"
7/8/2021,17333.4,"17,889.90","17,889.90","17,174.30"
7/9/2021,16617.8,"17,412.90","17,452.60","16,260.00"
7/12/2021,15027.5,"16,697.30","16,856.30","14,987.80"
7/13/2021,15782.9,"15,027.50","15,782.90","15,027.50"
7/14/2021,15464.9,"15,862.40","16,061.20","15,107.10"
7/15/2021,16379.2,"15,385.30","16,657.50","15,186.60"
7/16/2021,16260,"16,379.20","16,617.80","16,180.50"
7/19/2021,15027.5,"16,140.70","16,140.70","14,987.80"
7/20/2021,16458.7,"15,067.30","16,458.70","14,789.00"
7/21/2021,16458.7,"16,458.70","16,896.10","16,180.50"
7/22/2021,17174.3,"16,458.70","17,412.90","16,220.20"
7/23/2021,16578,"17,174.30","17,214.10","16,578.00"
7/26/2021,16657.5,"16,101.00","16,816.50","14,987.80"
7/27/2021,17293.6,"16,697.30","17,810.40","16,697.30"
7/28/2021,17333.4,"17,174.30","17,611.70","17,174.30"
7/29/2021,18247.7,"17,412.90","18,247.70","17,412.90"
7/30/2021,18327.3,"18,247.70","18,605.50","18,009.20"
8/2/2021,18287.5,"18,327.30","18,605.50","18,009.20"
8/3/2021,19837.9,"18,287.50","19,837.90","18,168.20"
8/4/2021,19798.2,"19,837.90","20,156.00","19,559.70"
8/5/2021,20354.8,"19,798.20","20,513.80","19,519.90"
8/6/2021,19917.5,"20,354.80","20,434.30","19,917.50"
8/9/2021,20672.8,"19,917.50","21,189.60","19,480.20"
8/10/2021,20394.5,"20,712.60","20,951.10","20,235.50"
8/11/2021,19877.7,"20,394.50","20,513.80","19,877.70"
8/12/2021,19718.7,"19,837.90","20,156.00","19,480.20"
8/13/2021,20434.3,"19,599.40","20,474.00","19,559.70"
8/16/2021,21110.1,"20,434.30","21,428.20","20,434.30"
8/17/2021,20951.1,"21,070.40","21,070.40","20,593.30"
8/18/2021,21189.6,"21,189.60","21,706.50","20,752.30"
8/19/2021,21507.7,"21,269.20","21,587.20","21,030.60"
8/20/2021,21070.4,"21,507.70","21,786.00","20,672.80"
8/23/2021,21189.6,"21,070.40","21,666.70","20,752.30"
8/24/2021,19877.7,"21,189.60","21,269.20","19,201.90"
8/25/2021,20474,"19,678.90","20,474.00","19,321.10"
8/26/2021,20195.8,"20,394.50","20,553.60","19,877.70"
8/27/2021,20116.2,"20,156.00","20,275.30","19,519.90"
9/6/2021,20116.2,"20,394.50","20,672.80","19,837.90"
9/7/2021,20672.8,"20,275.30","21,030.60","20,275.30"
9/8/2021,20871.6,"21,149.90","21,229.40","20,672.80"
9/9/2021,21030.6,"20,672.80","21,030.60","20,672.80"
9/10/2021,21348.7,"21,149.90","21,626.90","20,990.90"
9/13/2021,21507.7,"21,308.90","21,666.70","20,871.60"
9/14/2021,21110.1,"21,467.90","21,587.20","21,110.10"
9/15/2021,21269.2,"20,712.60","21,348.70","20,712.60"
9/16/2021,20951.1,"21,348.70","21,348.70","20,911.30"
9/17/2021,21587.2,"20,990.90","22,064.30","20,911.30"
9/20/2021,21308.9,"21,825.70","21,984.80","21,269.20"
9/21/2021,21030.6,"21,030.60","21,229.40","20,712.60"
9/22/2021,21229.4,"21,070.40","21,269.20","20,672.80"
9/23/2021,21308.9,"21,428.20","21,666.70","21,149.90"
9/24/2021,20911.3,"21,149.90","21,308.90","20,911.30"
9/27/2021,19957.2,"20,951.10","21,070.40","19,957.20"
9/28/2021,20474,"19,917.50","20,553.60","19,758.40"
9/29/2021,20195.8,"20,275.30","20,354.80","20,036.70"
9/30/2021,20275.3,"20,235.50","20,474.00","20,036.70"
10/1/2021,19678.9,"20,076.50","20,315.00","19,678.90"
10/4/2021,19281.4,"19,500.00","19,559.70","19,003.10"
10/5/2021,20116.2,"19,599.40","20,394.50","19,519.90"
10/6/2021,20116.2,"20,275.30","20,275.30","19,997.00"
10/7/2021,20275.3,"20,195.80","20,474.00","19,837.90"
10/8/2021,20394.5,"20,315.00","20,593.30","20,195.80"
10/11/2021,20792.1,"20,593.30","20,871.60","20,394.50"
10/12/2021,20633.1,"20,871.60","20,871.60","20,553.60"
10/13/2021,20394.5,"20,672.80","20,831.80","20,235.50"
10/14/2021,20394.5,"20,394.50","20,672.80","20,116.20"
10/15/2021,20474,"20,474.00","20,672.80","20,394.50"
10/18/2021,21110.1,"20,513.80","21,229.40","20,434.30"
10/19/2021,21308.9,"21,149.90","21,666.70","20,951.10"
10/20/2021,21070.4,"21,467.90","21,467.90","20,752.30"
10/21/2021,21070.4,"21,308.90","21,308.90","20,871.60"
10/22/2021,20752.3,"21,070.40","21,110.10","20,633.10"
10/25/2021,20116.2,"20,672.80","20,712.60","20,116.20"
10/26/2021,20354.8,"19,877.70","20,434.30","19,778.30"
10/27/2021,21269.2,"20,593.30","21,269.20","20,354.80"
10/28/2021,22382.3,"21,547.40","22,660.60","21,507.70"
10/29/2021,22660.6,"22,581.10","22,899.10","22,143.80"
11/1/2021,23495.4,"22,859.40","23,654.50","22,700.30"
11/2/2021,24091.8,"23,495.40","24,449.60","23,097.90"
11/3/2021,23773.7,"24,091.80","24,529.10","23,575.00"
11/4/2021,25403.7,"24,131.50","25,403.70","23,853.30"
11/5/2021,25602.5,"26,079.60","26,079.60","25,523.00"
11/8/2021,26914.4,"25,642.30","27,232.50","25,642.30"
11/9/2021,27630,"26,675.90","27,630.00","26,556.60"
11/10/2021,27590.3,"28,027.60","28,146.80","27,113.20"
11/11/2021,27272.2,"27,828.80","28,305.90","26,556.60"
11/12/2021,27789,"27,510.80","27,828.80","27,033.70"
11/15/2021,27908.3,"28,266.10","28,782.90","27,431.20"
11/16/2021,27630,"27,630.00","28,305.90","27,272.20"
11/17/2021,29538.3,"28,544.40","29,538.30","28,146.80"
11/18/2021,30850.2,"30,571.90","31,605.60","30,015.30"
11/19/2021,29816.6,"31,009.20","31,088.70","28,703.40"
11/22/2021,30015.3,"29,816.60","30,810.40","28,981.70"
11/23/2021,32082.6,"30,055.10","32,082.60","29,737.10"
11/24/2021,32360.9,"32,519.90","32,877.70","31,844.10"
11/25/2021,32241.7,"32,241.70","32,957.20","31,844.10"
11/26/2021,31009.2,"32,241.70","32,400.70","30,810.40"
11/29/2021,31764.6,"30,611.70","32,003.10","30,293.60"
11/30/2021,31406.8,"32,400.70","32,440.40","30,850.20"
12/1/2021,31009.2,"31,287.50","31,406.80","30,611.70"
12/2/2021,30890,"30,890.00","31,605.60","30,651.40"
12/3/2021,29021.5,"31,168.30","31,208.00","29,021.50"
12/6/2021,29379.3,"29,419.00","30,412.90","28,663.70"
12/7/2021,29697.3,"29,975.60","30,055.10","29,061.20"
12/8/2021,30174.4,"30,055.10","30,412.90","29,617.80"
12/9/2021,31764.6,"29,975.60","31,764.60","29,856.30"
12/10/2021,31406.8,"31,605.60","32,082.60","31,009.20"
12/13/2021,32003.1,"31,565.80","32,201.90","31,049.00"
12/14/2021,32082.6,"32,162.10","32,519.90","31,486.30"
12/15/2021,31406.8,"32,042.90","32,281.40","31,406.80"
12/16/2021,30611.7,"31,446.50","31,764.60","30,373.10"
12/17/2021,31804.3,"30,850.20","31,804.30","30,412.90"
12/20/2021,33871.6,"32,201.90","33,990.90","31,804.30"
12/21/2021,33712.6,"34,030.60","34,308.90","33,474.10"
12/22/2021,33116.3,"33,990.90","33,990.90","32,917.50"
12/23/2021,31327.3,"32,798.20","32,997.00","31,009.20"
12/24/2021,31764.6,"31,406.80","32,162.10","30,611.70"
12/27/2021,31804.3,"32,241.70","32,758.50","31,804.30"
12/28/2021,31208,"31,844.10","32,281.40","31,208.00"
12/29/2021,31406.8,"31,128.50","31,923.60","30,691.20"
12/30/2021,32917.5,"31,764.60","32,997.00","31,406.80"
12/31/2021,32599.4,"33,315.00","33,315.00","32,360.90"
1/4/2022,32997,"32,639.20","33,553.60","32,599.40"
1/5/2022,32639.2,"32,997.00","33,712.60","32,639.20"
1/6/2022,32281.4,"32,519.90","33,036.80","32,201.90"
1/7/2022,31804.3,"32,003.10","32,480.20","31,685.10"
1/10/2022,30691.2,"31,605.60","32,042.90","30,691.20"
1/11/2022,29021.5,"31,406.80","31,406.80","29,021.50"
1/12/2022,30373.1,"28,822.70","30,492.40","28,623.90"
1/13/2022,28981.7,"30,571.90","30,770.70","28,703.40"
1/14/2022,28623.9,"28,623.90","29,339.50","28,623.90"
1/17/2022,26636.1,"28,623.90","28,782.90","26,636.10"
1/18/2022,24807.4,"25,880.80","26,238.60","24,807.40"
1/19/2022,26516.9,"25,642.30","26,516.90","25,324.20"
1/20/2022,26954.2,"26,636.10","27,630.00","25,761.50"
1/21/2022,26159.1,"26,914.40","26,914.40","26,119.30"
1/24/2022,24330.3,"25,403.70","25,761.50","24,330.30"
1/25/2022,24926.7,"24,091.80","25,045.90","23,495.40"
1/26/2022,25006.2,"25,045.90","25,602.50","24,449.60"
1/27/2022,25841,"24,807.40","26,556.60","24,688.10"
1/28/2022,27431.2,"25,841.00","27,431.20","25,761.50"
2/7/2022,27987.8,"27,749.30","28,544.40","27,510.80"
2/8/2022,27828.8,"28,027.60","28,027.60","27,113.20"
2/9/2022,28623.9,"27,828.80","28,981.70","27,630.00"
2/10/2022,28226.3,"28,584.20","28,902.20","27,868.60"
2/11/2022,28425.1,"28,067.30","28,703.40","27,908.30"
2/14/2022,27033.7,"27,709.50","28,226.30","27,033.70"
2/15/2022,27948.1,"27,431.20","28,067.30","26,834.90"
2/16/2022,28425.1,"28,226.30","29,021.50","28,027.60"
2/17/2022,28266.1,"28,425.10","28,584.20","28,107.10"
2/18/2022,28663.7,"27,868.60","28,981.70","27,749.30"
2/21/2022,29856.3,"28,862.40","30,214.10","28,822.70"
2/22/2022,29220.2,"29,299.70","29,737.10","28,822.70"
2/23/2022,29578,"29,458.80","29,776.80","29,339.50"
2/24/2022,30214.1,"29,458.80","30,770.70","28,623.90"
2/25/2022,31049,"30,611.70","32,201.90","30,452.70"
2/28/2022,31327.3,"31,605.60","31,923.60","30,969.50"
3/1/2022,31208,"31,486.30","31,685.10","30,929.70"
3/2/2022,30174.4,"30,850.20","31,128.50","30,015.30"
3/3/2022,30532.2,"30,333.40","30,571.90","29,856.30"
3/4/2022,30611.7,"30,810.40","31,367.00","30,611.70"
3/7/2022,30253.9,"30,333.40","30,810.40","30,214.10"
3/8/2022,29816.6,"29,896.10","30,611.70","29,816.60"
3/9/2022,29220.2,"29,975.60","30,094.80","29,220.20"
3/10/2022,31207.9,"31,207.90","31,207.90","31,207.90"
3/11/2022,31844.8,"33,363.50","33,363.50","31,844.80"
3/14/2022,31109.9,"31,452.80","31,697.80","30,717.90"
3/15/2022,31942.8,"31,256.90","32,873.60","31,109.90"
3/16/2022,31893.8,"32,530.70","32,530.70","31,795.80"
3/17/2022,31452.8,"32,334.70","32,334.70","31,354.80"
3/18/2022,31305.9,"31,354.80","31,746.80","31,060.90"
3/21/2022,31354.8,"31,403.80","31,648.80","31,060.90"
3/22/2022,31501.8,"31,354.80","32,236.70","31,305.90"
3/23/2022,31305.9,"31,550.80","31,844.80","31,207.90"
3/24/2022,30864.9,"31,305.90","31,354.80","30,864.90"
3/25/2022,30473,"30,669.00","31,158.90","30,375.00"
3/28/2022,29591.1,"29,983.10","30,375.00","29,199.20"
3/29/2022,30277,"30,277.00","30,620.00","29,885.10"
3/30/2022,30326,"29,983.10","30,815.90","29,689.10"
3/31/2022,29885.1,"30,473.00","30,620.00","29,689.10"
4/1/2022,31060.9,"29,885.10","31,158.90","29,493.20"
4/4/2022,33216.5,"31,746.80","33,216.50","31,697.80"
4/5/2022,33902.4,"33,412.50","35,372.20","33,412.50"
4/6/2022,34784.3,"33,314.50","35,274.20","33,314.50"
4/7/2022,34294.4,"34,784.30","36,254.00","34,294.40"
4/8/2022,34392.4,"34,294.40","35,274.20","33,853.40"
4/12/2022,32334.7,"35,078.20","35,078.20","32,334.70"
4/13/2022,34588.3,"32,432.70","34,588.30","31,158.90"
4/14/2022,33853.4,"34,784.30","35,225.20","33,657.50"
4/15/2022,33020.6,"33,510.50","34,539.30","32,824.60"
4/18/2022,31550.8,"32,138.70","32,824.60","30,864.90"
4/19/2022,29395.2,"31,648.80","32,383.70","29,395.20"
4/20/2022,29689.1,"29,395.20","30,766.90","29,003.20"
4/21/2022,31697.8,"29,689.10","31,746.80","29,493.20"
4/22/2022,31011.9,"32,334.70","32,677.60","29,934.10"
4/25/2022,28856.3,"31,011.90","31,501.80","28,856.30"
4/26/2022,30864.9,"28,415.30","30,864.90","26,896.60"
4/27/2022,30571,"30,375.00","31,109.90","29,934.10"
4/28/2022,29787.1,"30,326.00","30,913.90","29,689.10"
4/29/2022,30375,"29,542.20","30,766.90","29,444.20"
5/4/2022,29395.2,"30,081.10","30,669.00","29,395.20"
5/5/2022,28415.3,"29,836.10","29,983.10","28,072.40"
5/6/2022,26455.7,"27,337.50","28,072.40","26,455.70"
5/9/2022,24642.9,"25,279.80","25,867.80","24,642.90"
5/10/2022,25034.9,"23,222.20","25,328.80","23,124.20"
5/11/2022,24789.9,"25,083.90","25,377.80","24,349.00"
5/12/2022,23075.2,"24,006.10","24,496.00","23,075.20"
5/13/2022,21507.5,"23,026.20","23,222.20","21,507.50"
5/16/2022,22193.3,"22,536.30","22,977.20","21,556.50"
5/17/2022,23712.1,"21,997.40","23,712.10","21,458.50"
5/18/2022,24251,"24,496.00","25,279.80","23,908.10"
5/19/2022,24691.9,"23,516.10","24,887.90","23,418.20"
5/20/2022,24104,"24,985.90","25,181.90","24,006.10"
5/23/2022,22830.3,"24,300.00","24,349.00","22,438.30"
5/24/2022,23516.1,"22,830.30","23,516.10","21,262.50"
5/25/2022,24300,"23,516.10","24,691.90","23,418.20"
5/26/2022,24350,"24,500.00","25,500.00","24,200.00"
5/27/2022,24450,"24,350.00","24,950.00","24,000.00"
5/30/2022,24950,"24,650.00","25,300.00","24,450.00"
5/31/2022,25250,"25,000.00","25,700.00","24,600.00"
6/1/2022,25450,"25,000.00","25,900.00","24,600.00"
6/2/2022,24850,"25,500.00","25,950.00","24,600.00"
6/3/2022,24350,"24,650.00","24,900.00","24,050.00"
6/6/2022,24100,"24,250.00","25,000.00","23,950.00"
6/7/2022,23900,"23,950.00","24,050.00","22,500.00"
6/8/2022,24700,"24,350.00","25,200.00","23,850.00"
6/9/2022,24950,"25,000.00","25,400.00","24,700.00"
6/10/2022,24000,"24,600.00","24,900.00","24,000.00"
6/13/2022,22350,"22,600.00","23,300.00","22,350.00"
6/14/2022,20900,"21,500.00","22,300.00","20,800.00"
6/15/2022,19450,"20,500.00","21,300.00","19,450.00"
6/16/2022,18150,"19,950.00","20,000.00","18,100.00"
6/17/2022,16900,"17,100.00","17,500.00","16,900.00"
6/20/2022,15750,"17,450.00","17,650.00","15,750.00"
6/21/2022,15900,"15,300.00","16,800.00","14,850.00"
6/22/2022,17000,"16,550.00","17,000.00","16,400.00"
6/23/2022,16950,"16,700.00","17,000.00","16,000.00"
6/24/2022,17200,"16,850.00","17,850.00","16,650.00"
6/27/2022,18400,"17,500.00","18,400.00","17,200.00"
6/28/2022,18300,"18,400.00","18,900.00","18,100.00"
6/29/2022,18550,"18,050.00","19,200.00","17,950.00"
6/30/2022,17400,"18,600.00","19,100.00","17,400.00"
7/1/2022,18600,"17,600.00","18,600.00","16,700.00"
7/4/2022,19200,"19,050.00","19,700.00","18,850.00"
7/5/2022,18600,"19,150.00","19,350.00","18,600.00"
7/6/2022,17600,"18,000.00","18,650.00","17,600.00"
7/7/2022,17700,"17,550.00","18,000.00","17,150.00"
7/8/2022,18350,"18,050.00","18,600.00","18,000.00"
7/11/2022,17850,"18,250.00","18,900.00","17,500.00"
7/12/2022,18300,"17,850.00","18,500.00","17,700.00"
7/13/2022,18500,"18,400.00","18,850.00","18,200.00"
7/14/2022,19300,"18,200.00","19,500.00","18,100.00"
7/15/2022,18900,"19,450.00","19,650.00","18,900.00"
7/18/2022,19000,"19,150.00","19,350.00","18,900.00"
7/19/2022,18750,"18,800.00","19,100.00","18,400.00"
7/20/2022,19200,"19,150.00","19,650.00","19,000.00"
7/21/2022,19150,"19,200.00","19,550.00","19,100.00"
7/22/2022,18950,"19,250.00","19,400.00","18,950.00"
7/25/2022,18750,"18,700.00","19,200.00","18,400.00"
7/26/2022,18200,"18,900.00","18,950.00","18,200.00"
7/27/2022,18200,"18,050.00","18,300.00","17,800.00"
7/28/2022,18850,"18,700.00","19,150.00","18,400.00"
7/29/2022,19100,"19,000.00","19,400.00","18,800.00"
8/1/2022,20400,"19,250.00","20,400.00","19,200.00"
8/2/2022,20750,"20,500.00","21,300.00","20,450.00"
8/3/2022,21150,"20,500.00","21,200.00","20,450.00"
8/4/2022,21200,"21,400.00","21,600.00","20,850.00"
8/5/2022,22000,"21,000.00","22,350.00","20,900.00"
8/8/2022,22150,"22,100.00","22,300.00","21,850.00"
8/9/2022,22550,"22,100.00","22,700.00","21,800.00"
8/10/2022,22200,"22,250.00","22,700.00","22,150.00"
8/11/2022,21950,"22,500.00","22,900.00","21,650.00"
8/12/2022,22500,"21,850.00","22,600.00","21,700.00"
8/15/2022,22450,"22,800.00","22,850.00","22,300.00"
8/16/2022,22450,"22,400.00","22,700.00","22,150.00"
8/17/2022,22250,"22,600.00","22,750.00","22,100.00"
8/18/2022,22500,"22,100.00","22,950.00","22,100.00"
8/19/2022,22650,"22,450.00","22,900.00","22,300.00"
8/22/2022,22200,"22,600.00","22,950.00","22,100.00"
8/23/2022,22750,"22,000.00","22,750.00","21,700.00"
8/24/2022,22600,"22,850.00","22,900.00","22,500.00"
8/25/2022,22950,"22,700.00","23,300.00","22,700.00"
8/26/2022,22400,"22,950.00","23,000.00","22,250.00"
8/29/2022,22200,"21,850.00","22,200.00","20,900.00"
8/30/2022,21700,"22,450.00","22,550.00","21,700.00"
8/31/2022,21700,"21,500.00","21,900.00","21,350.00"
9/5/2022,21400,"21,600.00","21,850.00","21,400.00"
9/6/2022,21400,"21,650.00","21,750.00","21,350.00"
9/7/2022,20000,"21,400.00","21,600.00","20,000.00"
9/8/2022,20000,"20,400.00","20,500.00","19,850.00"
9/9/2022,20400,"20,350.00","20,400.00","19,350.00"
9/12/2022,20100,"20,800.00","20,850.00","20,050.00"
9/13/2022,19850,"20,150.00","20,250.00","19,550.00"
9/14/2022,20000,"19,100.00","20,100.00","19,100.00"
9/15/2022,19800,"20,200.00","20,250.00","19,750.00"
9/16/2022,19000,"19,700.00","19,800.00","19,000.00"
9/19/2022,17850,"19,100.00","19,100.00","17,850.00"
9/20/2022,18800,"18,000.00","18,800.00","17,850.00"
9/21/2022,18500,"18,500.00","18,900.00","18,300.00"
9/22/2022,19000,"18,250.00","19,100.00","18,200.00"
9/23/2022,18550,"18,950.00","19,200.00","18,500.00"
9/26/2022,17450,"18,050.00","18,300.00","17,300.00"
9/27/2022,17500,"17,600.00","17,750.00","17,350.00"
9/28/2022,17800,"17,500.00","18,200.00","17,400.00"
9/29/2022,17400,"18,300.00","18,300.00","17,400.00"
9/30/2022,17500,"17,400.00","17,700.00","16,400.00"
10/3/2022,16300,"17,200.00","17,350.00","16,300.00"
10/4/2022,15400,"16,700.00","16,800.00","15,400.00"
10/5/2022,16400,"15,800.00","16,450.00","15,800.00"
10/6/2022,15300,"16,350.00","16,400.00","15,300.00"
10/7/2022,14250,"14,600.00","15,100.00","14,250.00"
10/10/2022,14650,"13,900.00","14,850.00","13,450.00"
10/11/2022,13650,"14,500.00","14,600.00","13,650.00"
10/12/2022,13950,"13,550.00","14,500.00","13,300.00"
10/13/2022,13900,"13,850.00","14,300.00","13,800.00"
10/14/2022,14500,"14,400.00","14,850.00","14,200.00"
10/17/2022,14500,"14,300.00","14,500.00","13,800.00"
10/18/2022,14600,"14,850.00","15,150.00","14,600.00"
10/19/2022,14550,"14,600.00","14,900.00","14,400.00"
10/20/2022,14150,"14,500.00","14,600.00","14,050.00"
10/21/2022,13200,"14,050.00","14,200.00","13,200.00"
10/24/2022,12300,"12,850.00","13,000.00","12,300.00"
10/25/2022,11450,"11,450.00","12,700.00","11,450.00"
10/26/2022,10650,"11,600.00","12,000.00","10,650.00"
10/27/2022,11350,"10,500.00","11,350.00","10,500.00"
10/28/2022,11700,"11,700.00","12,100.00","11,550.00"
10/31/2022,11500,"11,900.00","11,900.00","10,900.00"
11/1/2022,11800,"11,700.00","11,850.00","11,250.00"
11/2/2022,12100,"11,800.00","12,350.00","11,550.00"
11/3/2022,11950,"11,700.00","12,100.00","11,650.00"
11/4/2022,11200,"11,750.00","11,800.00","11,150.00"
11/7/2022,10450,"11,200.00","11,300.00","10,450.00"
11/8/2022,10650,"9,790.00","10,650.00","9,790.00"
11/9/2022,10450,"10,750.00","11,000.00","10,400.00"
11/10/2022,9720,"10,150.00","10,300.00","9,720.00"
11/11/2022,9800,"10,000.00","10,200.00","9,670.00"
11/14/2022,10350,"9,120.00","10,350.00","9,120.00"
11/15/2022,9900,"10,050.00","10,400.00","9,630.00"
11/16/2022,10550,"9,320.00","10,550.00","9,230.00"
11/17/2022,11100,"10,800.00","11,250.00","10,700.00"
11/18/2022,11100,"11,000.00","11,500.00","10,350.00"
11/21/2022,11300,"11,100.00","11,500.00","10,950.00"
11/22/2022,11300,"11,050.00","12,000.00","10,950.00"
11/23/2022,10600,"11,200.00","11,450.00","10,600.00"
11/24/2022,10550,"10,400.00","10,800.00","10,100.00"
11/25/2022,11250,"10,850.00","11,250.00","10,700.00"
11/28/2022,12000,"11,700.00","12,000.00","11,600.00"
11/29/2022,12800,"12,400.00","12,800.00","12,050.00"
11/30/2022,13600,"13,000.00","13,600.00","12,550.00"
12/1/2022,13000,"14,050.00","14,200.00","12,900.00"
12/2/2022,13900,"13,000.00","13,900.00","12,800.00"
12/5/2022,14850,"14,800.00","14,850.00","14,400.00"
12/6/2022,14300,"14,700.00","15,450.00","14,050.00"
12/7/2022,14300,"14,500.00","14,800.00","13,850.00"
12/8/2022,15300,"14,800.00","15,300.00","14,700.00"
12/9/2022,15500,"15,650.00","15,800.00","15,250.00"
12/12/2022,14450,"15,500.00","15,850.00","14,450.00"
12/13/2022,15450,"14,400.00","15,450.00","13,900.00"
12/14/2022,15600,"16,000.00","16,350.00","15,400.00"
12/15/2022,15900,"15,400.00","15,950.00","15,200.00"
12/16/2022,16050,"15,600.00","16,350.00","15,500.00"
12/19/2022,15500,"16,100.00","16,900.00","15,300.00"
12/20/2022,15200,"15,450.00","15,700.00","14,600.00"
12/21/2022,14650,"15,500.00","15,550.00","14,150.00"
12/22/2022,14550,"14,900.00","15,000.00","14,100.00"
12/23/2022,14000,"14,500.00","14,500.00","13,900.00"
12/26/2022,13050,"13,850.00","14,000.00","13,050.00"
12/27/2022,13950,"13,000.00","13,950.00","13,000.00"
12/28/2022,14100,"14,100.00","14,350.00","13,700.00"
12/29/2022,13500,"13,950.00","14,150.00","13,500.00"
12/30/2022,13500,"13,650.00","13,850.00","13,500.00"
1/3/2023,14400,"13,550.00","14,400.00","13,550.00"
1/4/2023,14350,"14,700.00","14,950.00","14,350.00"
1/5/2023,14600,"14,500.00","14,750.00","14,100.00"
1/6/2023,14300,"14,400.00","14,900.00","14,300.00"
1/9/2023,14400,"14,550.00","14,650.00","14,300.00"
1/10/2023,14400,"14,400.00","14,700.00","14,050.00"
1/11/2023,14750,"14,600.00","15,200.00","14,500.00"
1/12/2023,14700,"14,900.00","14,950.00","14,600.00"
1/13/2023,14900,"14,900.00","15,300.00","14,700.00"
1/16/2023,15000,"15,000.00","15,100.00","14,600.00"
1/17/2023,15900,"15,150.00","15,950.00","15,100.00"
1/18/2023,16150,"15,900.00","16,400.00","15,800.00"
1/19/2023,16750,"16,000.00","16,850.00","15,950.00"
1/27/2023,16300,"16,750.00","16,800.00","16,300.00"
1/30/2023,16250,"16,300.00","16,800.00","16,050.00"
1/31/2023,16550,"16,300.00","16,550.00","16,050.00"
2/1/2023,15400,"16,700.00","16,750.00","15,400.00"
2/2/2023,15100,"15,550.00","15,600.00","14,850.00"
2/3/2023,15100,"15,150.00","15,400.00","14,850.00"
2/6/2023,15150,"14,900.00","15,150.00","14,750.00"
2/7/2023,14350,"15,300.00","15,400.00","14,300.00"
2/8/2023,14600,"14,600.00","14,950.00","14,100.00"
2/9/2023,14400,"14,600.00","14,800.00","14,350.00"
2/10/2023,14000,"14,350.00","14,400.00","14,000.00"
2/13/2023,13450,"13,800.00","13,950.00","13,100.00"
2/14/2023,13900,"13,700.00","13,900.00","13,500.00"
2/15/2023,14000,"13,800.00","14,250.00","13,750.00"
2/16/2023,14600,"14,200.00","14,600.00","14,050.00"
2/17/2023,14450,"14,550.00","14,700.00","14,300.00"
2/20/2023,15450,"14,500.00","15,450.00","14,450.00"
2/21/2023,15150,"15,650.00","15,700.00","15,150.00"
2/22/2023,14300,"14,850.00","15,100.00","14,300.00"
2/23/2023,14500,"14,300.00","14,500.00","13,600.00"
2/24/2023,14000,"14,500.00","14,600.00","13,950.00"
2/27/2023,13400,"13,700.00","13,800.00","13,350.00"
2/28/2023,13450,"13,650.00","13,850.00","13,400.00"
3/1/2023,14250,"13,400.00","14,250.00","13,200.00"
3/2/2023,13900,"14,300.00","14,350.00","13,850.00"
3/3/2023,13600,"14,050.00","14,150.00","13,600.00"
3/6/2023,13850,"14,000.00","14,250.00","13,750.00"
3/7/2023,14200,"14,000.00","14,350.00","13,900.00"
3/8/2023,14700,"14,000.00","14,700.00","13,900.00"
3/9/2023,14700,"14,750.00","14,950.00","14,600.00"
3/10/2023,14500,"14,550.00","14,800.00","14,300.00"
3/13/2023,14500,"14,300.00","14,800.00","14,300.00"
3/14/2023,14000,"14,550.00","14,600.00","13,950.00"
3/15/2023,14950,"14,600.00","14,950.00","14,400.00"
3/16/2023,14800,"14,900.00","15,100.00","14,750.00"
3/17/2023,15000,"15,150.00","15,150.00","14,700.00"
3/20/2023,14350,"14,850.00","15,000.00","14,350.00"
3/21/2023,14800,"14,600.00","14,800.00","14,250.00"
3/22/2023,14800,"14,900.00","15,100.00","14,750.00"
3/23/2023,15150,"14,650.00","15,250.00","14,600.00"
3/24/2023,15300,"15,300.00","15,550.00","15,200.00"
3/27/2023,15450,"15,350.00","15,800.00","15,200.00"
3/28/2023,15250,"15,600.00","15,650.00","15,250.00"
3/29/2023,15400,"15,250.00","15,500.00","15,150.00"
3/30/2023,15250,"15,700.00","15,750.00","15,200.00"
3/31/2023,15500,"15,250.00","15,600.00","15,100.00"
4/3/2023,15900,"15,950.00","16,000.00","15,700.00"
4/4/2023,16200,"15,900.00","16,400.00","15,700.00"
4/5/2023,16200,"16,100.00","16,300.00","15,950.00"
4/6/2023,15650,"16,300.00","16,500.00","15,650.00"
4/7/2023,15800,"15,650.00","15,900.00","15,550.00"
4/10/2023,15900,"16,100.00","16,450.00","15,800.00"
4/11/2023,15900,"15,900.00","16,000.00","15,550.00"
4/12/2023,15600,"15,900.00","16,000.00","15,600.00"
4/13/2023,15200,"15,650.00","15,750.00","15,100.00"
4/14/2023,14850,"15,300.00","15,400.00","14,850.00"
4/17/2023,14900,"14,850.00","15,050.00","14,700.00"
4/18/2023,15200,"15,000.00","15,300.00","14,900.00"
4/19/2023,14900,"15,300.00","15,350.00","14,850.00"
4/20/2023,14850,"14,900.00","14,950.00","14,800.00"
4/21/2023,15050,"14,850.00","15,350.00","14,800.00"
4/24/2023,14950,"15,050.00","15,150.00","14,750.00"
4/25/2023,14600,"14,950.00","15,100.00","14,550.00"
4/26/2023,14650,"14,600.00","14,750.00","14,350.00"
4/27/2023,14550,"14,750.00","14,850.00","14,500.00"
4/28/2023,14900,"14,700.00","14,900.00","14,600.00"
